Altium Designer Pick and Place Locations
C:\Users\Public\Documents\Altium\prjct1 - Copy - Copy - Copy\Project Outputs for prjct1 - Copy - Copy - Copy\Pick Place for PCB1.csv

========================================================================================================================
File Design Information:

Date:       10/11/22
Time:       22:14
Revision:   fcc09d2bfb0592fe4380a7e1f8064deef9b5e516
Variant:    No variations
Units used: mm

"Designator","Comment","Layer","Footprint","Center-X(mm)","Center-Y(mm)","Rotation","Description"
"U1","MOUDLE-SEEEDUINO-XIAO","TopLayer","MOUDLE14P-2-54-21X17-8MM","107.1065","94.4880","0",""
"SD","503398-1892","TopLayer","MOLX-503398-1892_V","89.7890","97.2820","0","Micro SD Connector, Pitch 1.1 mm, 8 Position, Height 1.4 mm, -25 to 85 degC, RoHS, Tape and Reel"
"R1","10k","TopLayer","RESC1609X55X30LL15T15","95.3770","89.2810","270","Chip Resistor, 10 KOhm, +/- 1%, 0.1 W, -55 to 155 degC, 0603 (1608 Metric), RoHS, Tape and Reel"
"R3","10k","TopLayer","RESC1609X55X30LL15T15","91.1860","87.3760","180","Chip Resistor, 10 KOhm, +/- 1%, 0.1 W, -55 to 155 degC, 0603 (1608 Metric), RoHS, Tape and Reel"
"R4","10k","TopLayer","RESC1609X55X30LL15T15","88.6460","87.3760","0","Chip Resistor, 10 KOhm, +/- 1%, 0.1 W, -55 to 155 degC, 0603 (1608 Metric), RoHS, Tape and Reel"
"R2","10k","TopLayer","RESC1609X55X30LL15T15","93.5990","87.3760","0","Chip Resistor, 10 KOhm, +/- 1%, 0.1 W, -55 to 155 degC, 0603 (1608 Metric), RoHS, Tape and Reel"
"R5","10k","TopLayer","RESC1609X55X30LL15T15","86.2330","87.3760","180","Chip Resistor, 10 KOhm, +/- 1%, 0.1 W, -55 to 155 degC, 0603 (1608 Metric), RoHS, Tape and Reel"
"R6","10k","TopLayer","RESC1609X55X30LL15T15","86.3600","89.7890","180","Chip Resistor, 10 KOhm, +/- 1%, 0.1 W, -55 to 155 degC, 0603 (1608 Metric), RoHS, Tape and Reel"
"C16","10uf","TopLayer","FP-GRM188-0_2-MFG","104.3940","74.0410","180","Chip Multilayer Ceramic Capacitors for General Purpose, 0603, 10uF, X5R, 15%, 20%, 25V"
"D4","D5V0P4UR6SO-7","TopLayer","FP-SOT26_SC74R-MFG","94.6150","81.7880","90","TVS DIODE 3.3V 6V SOT26"
"C20","10uf","TopLayer","FP-GRM188-0_2-MFG","96.6470","88.7730","270","Chip Multilayer Ceramic Capacitors for General Purpose, 0603, 10uF, X5R, 15%, 20%, 25V"
"U3","NCP1117LPST33T3G","TopLayer","FP-318H-MFG","110.1090","74.0410","0","IC REG LINEAR 3.3V 1A SOT223"
"C13","10uF","TopLayer","FP-GRM188-0_2-MFG","104.3940","71.6280","180","Chip Multilayer Ceramic Capacitors for General Purpose, 0603, 10uF, X5R, 15%, 20%, 25V"
"D3","SM5817PL-TP","TopLayer","ONSC-SOD-123FL-2-498_V","98.8060","66.8020","270","Schottky Power Rectifier, 2-Pin SOD-123, Pb-Free, Tape and Reel"
"J1","PS1 pins","TopLayer","PS1_MEMORY_CARD_FOOTPRINT","100.0125","58.7375","0",""
