Comment,Description,Designator,Footprint,LibRef,Quantity

"NCP1117LPST33T3G","IC REG LINEAR 3.3V 1A SOT223","U3","FP-318H-MFG","CMP-07128-000031-1","1"
"RP2040-Zero","","U1","RP2040-Zero","RP2040-Zero","1"
"503398-1892","Micro SD Connector, Pitch 1.1 mm, 8 Position, Height 1.4 mm, -25 to 85 degC, RoHS, Tape and Reel","SD","MOLX-503398-1892_V","CMP-2000-05621-1","1"
"10k","Chip Resistor, 10 KOhm, +/- 1%, 0.1 W, -55 to 155 degC, 0603 (1608 Metric), RoHS, Tape and Reel","R6","RESC1609X55X30LL15T15","CMP-1012-00623-3","1"
"10k","Chip Resistor, 10 KOhm, +/- 1%, 0.1 W, -55 to 155 degC, 0603 (1608 Metric), RoHS, Tape and Reel","R5","RESC1609X55X30LL15T15","CMP-1012-00623-3","1"
"10k","Chip Resistor, 10 KOhm, +/- 1%, 0.1 W, -55 to 155 degC, 0603 (1608 Metric), RoHS, Tape and Reel","R4","RESC1609X55X30LL15T15","CMP-1012-00623-3","1"
"10k","Chip Resistor, 10 KOhm, +/- 1%, 0.1 W, -55 to 155 degC, 0603 (1608 Metric), RoHS, Tape and Reel","R3","RESC1609X55X30LL15T15","CMP-1012-00623-3","1"
"10k","Chip Resistor, 10 KOhm, +/- 1%, 0.1 W, -55 to 155 degC, 0603 (1608 Metric), RoHS, Tape and Reel","R2","RESC1609X55X30LL15T15","CMP-1012-00623-3","1"
"10k","Chip Resistor, 10 KOhm, +/- 1%, 0.1 W, -55 to 155 degC, 0603 (1608 Metric), RoHS, Tape and Reel","R1","RESC1609X55X30LL15T15","CMP-1012-00623-3","1"
"PS1 pins","","J1","PS1 MEMORY CARD FOOTPRINT","PS1 pins","1"
"D5V0P4UR6SO-7","TVS DIODE 3.3V 6V SOT26","D4","FP-SOT26_SC74R-MFG","CMP-12828-000015-1","1"
"SM5817PL-TP","Schottky Power Rectifier, 2-Pin SOD-123, Pb-Free, Tape and Reel","D3","ONSC-SOD-123FL-2-498_V","CMP-1055-00434-1","1"
"10uf","Chip Multilayer Ceramic Capacitors for General Purpose, 0603, 10uF, X5R, 15%, 20%, 25V","C20","FP-GRM188-0_2-MFG","CMP-2006-02520-2","1"
"10uf","Chip Multilayer Ceramic Capacitors for General Purpose, 0603, 10uF, X5R, 15%, 20%, 25V","C16","FP-GRM188-0_2-MFG","CMP-2006-02520-2","1"
"10uF","Chip Multilayer Ceramic Capacitors for General Purpose, 0603, 10uF, X5R, 15%, 20%, 25V","C13","FP-GRM188-0_2-MFG","CMP-2006-02520-2","1"
